{
  "var_altimeter": 0.1,
  "var_pz": 1000,
  "var_tx": 900.0,
  "var_ty": 900.0,
  "var_tz": 900.0,
  "var_yaw": 0.1745,
  "var_pitch": 0.05415420796208153,
  "var_roll": 0.05415420796208153
}
