{
  "var_altimeter": 0.1,
  "var_pz": 1000,
  "var_tx": 100.0,
  "var_ty": 100.0,
  "var_tz": 100.0,
  "var_yaw": 0.1745,
  "var_pitch": 0.0005415420796208153,
  "var_roll": 0.0005415420796208153
}
