{
  "var_tx": 900.0,
  "var_ty": 900.0,
  "var_tz": 900.0,
  "var_yaw": 0.174533,
  "var_pitch": 0.0523599,
  "var_roll": 0.0523599
}
